length,sequence,optimum
18,HHPPPPPHHPPPHPPPHP,-4
18,HPHPHHHPPPHHHHPPHH,-8
18,PHPPHPHHHPHHPHHHHH,-9
20,HPHPPHHPHPPHPHHPPHPH,-9
20,HHHPPHPHPHPPHPHPHPPH,-10
24,HHPPHPPHPPHPPHPPHPPHPPHH,-9
25,PPHPPHHPPPPHHPPPPHHPPPPHH,-8
36,PPPHHPPHHPPPPPHHHHHHHPPHHPPPPHHPPHPP,-14
48,PPHPPHHPPHHPPPPPHHHHHHHHHHPPPPPPHHPPHHPPHPPHHHHH,-23
50,HHPHPHPHPHHHHPHPPPHPPPHPPPPHPPPHPPPHPHHHHPHPHPHPHH,-21
60,PPHHHPHHHHHHHHPPPHHHHHHHHHHPHPPPHHHHHHHHHHHHPPPPHHHHHHPHHPHP,-36
64,HHHHHHHHHHHHPHPHPPHHPPHHPPHPPHHPPHHPPHPPHHPPHHPPHPHPHHHHHHHHHHHH,-42
85,HHHHPPPPHHHHHHHHHHHHPPPPPPHHHHHHHHHHHHPPPHHHHHHHHHHHHPPPHHHHHHHHHHHHPPPHPPHHPPHHPPHPH,-53
100,PPPPPPHPHHPPPPPHHHPHHHHHPHHPPPPHHPPHHPHHHHHPHHHHHHHHHHPHHPHHHHHHHPPPPPPPPPPPHHHHHHHPPHPHHHPPPPPPHPHH,-48
100,PPPHHPPHHHHPPHHHPHHPHHPHHHHPPPPPPPPHHHHHHPPHHHHHHPPPPPPPPPHPHHPHHHHHHHHHHHPPHHHPHHPHPPHPHHHPPPPPPHHH,-50
